<appaction uniquename="kk__Mscrm.Form.{!EntityLogicalName}.Close!kk_CustomPagePlayground!kk_playground!0">
  <appmoduleid>
    <uniquename>kk_CustomPagePlayground</uniquename>
  </appmoduleid>
  <buttonaccessibilitytext default="Close {EntityLogicalNameMarker}">
    <label description="Close {EntityLogicalNameMarker}" languagecode="1033" />
  </buttonaccessibilitytext>
  <buttonlabeltext default="Close {EntityLogicalNameMarker}">
    <label description="Close {EntityLogicalNameMarker}" languagecode="1033" />
  </buttonlabeltext>
  <buttontooltipdescription default="Closes the {EntityLogicalNameMarker}.">
    <label description="Closes the {EntityLogicalNameMarker}." languagecode="1033" />
  </buttontooltipdescription>
  <buttontooltiptitle default="Close {EntityLogicalNameMarker}">
    <label description="Close {EntityLogicalNameMarker}" languagecode="1033" />
  </buttontooltiptitle>
  <context>1</context>
  <contextentity>
    <logicalname>kk_playground</logicalname>
  </contextentity>
  <contextvalue>kk_playground</contextvalue>
  <fonticon>Close</fonticon>
  <hidden>1</hidden>
  <iscustomizable>1</iscustomizable>
  <isdisabled>0</isdisabled>
  <isgrouptitlehidden>0</isgrouptitlehidden>
  <location>0</location>
  <name>Mscrm.Form.{!EntityLogicalName}.Close</name>
  <onclickeventjavascriptfunctionname>XrmCore.Commands.ChangeState.changeState</onclickeventjavascriptfunctionname>
  <onclickeventjavascriptparameters>[{"type":21,"value":"deactivate"},{"type":1,"value":null},{"type":21,"value":"5"}]</onclickeventjavascriptparameters>
  <onclickeventjavascriptwebresourceid>
    <webresourceid>adea1aea-b2aa-e611-80d6-00155d88c343</webresourceid>
  </onclickeventjavascriptwebresourceid>
  <onclickeventtype>2</onclickeventtype>
  <origin>2</origin>
  <sequence>100300009.0000000000</sequence>
  <statecode>0</statecode>
  <statuscode>1</statuscode>
  <type>0</type>
  <visibilitytype>2</visibilitytype>
</appaction>