<appaction uniquename="kk__OpenCustomPage!cb1e05d942b343e7827bb6bedcd090c3!kk_CustomPagePlayground!kk_playground!0">
  <appmoduleid>
    <uniquename>kk_CustomPagePlayground</uniquename>
  </appmoduleid>
  <buttonlabeltext default="Open Custom Page">
    <label description="Open Custom Page" languagecode="1033" />
  </buttonlabeltext>
  <buttontooltipdescription default="Open custom page according values set to playground record.">
    <label description="Open custom page according values set to playground record." languagecode="1033" />
  </buttontooltipdescription>
  <buttontooltiptitle default="Open Custom Page">
    <label description="Open Custom Page" languagecode="1033" />
  </buttontooltiptitle>
  <context>1</context>
  <contextentity>
    <logicalname>kk_playground</logicalname>
  </contextentity>
  <contextvalue>kk_playground</contextvalue>
  <fonticon>OpenInNewWindow</fonticon>
  <hidden>0</hidden>
  <iscustomizable>1</iscustomizable>
  <isdisabled>0</isdisabled>
  <isgrouptitlehidden>0</isgrouptitlehidden>
  <location>0</location>
  <name>OpenCustomPage!cb1e05d942b343e7827bb6bedcd090c3</name>
  <onclickeventjavascriptfunctionname>kk_playground.Open</onclickeventjavascriptfunctionname>
  <onclickeventjavascriptparameters>[{"type":5}]</onclickeventjavascriptparameters>
  <onclickeventjavascriptwebresourceid>
    <webresourceid>162f95b6-e964-ef11-a670-000d3a64a3ae</webresourceid>
  </onclickeventjavascriptwebresourceid>
  <onclickeventtype>2</onclickeventtype>
  <origin>0</origin>
  <sequence>100100015.0000000000</sequence>
  <statecode>0</statecode>
  <statuscode>1</statuscode>
  <type>0</type>
  <visibilitytype>0</visibilitytype>
</appaction>