<appaction uniquename="kk__CreateSidePane!3cc42f7873a94f1a906a9ccab746faf8!kk_CustomPagePlayground!kk_playground!0">
  <appmoduleid>
    <uniquename>kk_CustomPagePlayground</uniquename>
  </appmoduleid>
  <buttonlabeltext default="Create Side Pane">
    <label description="Create Side Pane" languagecode="1033" />
  </buttonlabeltext>
  <buttontooltipdescription default="Create side pane and load custom page to it.">
    <label description="Create side pane and load custom page to it." languagecode="1033" />
  </buttontooltipdescription>
  <buttontooltiptitle default="Create Side Pane">
    <label description="Create Side Pane" languagecode="1033" />
  </buttontooltiptitle>
  <context>1</context>
  <contextentity>
    <logicalname>kk_playground</logicalname>
  </contextentity>
  <contextvalue>kk_playground</contextvalue>
  <fonticon>OpenInNewWindow</fonticon>
  <hidden>0</hidden>
  <iscustomizable>1</iscustomizable>
  <isdisabled>0</isdisabled>
  <isgrouptitlehidden>0</isgrouptitlehidden>
  <location>0</location>
  <name>CreateSidePane!3cc42f7873a94f1a906a9ccab746faf8</name>
  <onclickeventjavascriptfunctionname>kk_playground.OpenSidePane</onclickeventjavascriptfunctionname>
  <onclickeventjavascriptparameters>[{"type":5}]</onclickeventjavascriptparameters>
  <onclickeventjavascriptwebresourceid>
    <webresourceid>162f95b6-e964-ef11-a670-000d3a64a3ae</webresourceid>
  </onclickeventjavascriptwebresourceid>
  <onclickeventtype>2</onclickeventtype>
  <origin>0</origin>
  <sequence>100100017.5000000000</sequence>
  <statecode>0</statecode>
  <statuscode>1</statuscode>
  <type>0</type>
  <visibilitytype>0</visibilitytype>
</appaction>