<ImportExportXml version="9.2.24084.148" SolutionPackageVersion="9.2" languagecode="1033" generatedBy="CrmLive" xmlns:xsi="http://www.w3.org/2001/XMLSchema-instance" OrganizationVersion="9.2.24084.148" OrganizationSchemaType="Standard" CRMServerServiceabilityVersion="9.2.24084.00152">
  <SolutionManifest>
    <UniqueName>CustomPagePlayground</UniqueName>
    <LocalizedNames>
      <LocalizedName description="Custom Page Playground" languagecode="1033" />
    </LocalizedNames>
    <Descriptions />
    <Version>1.0.0.0</Version>
    <Managed>1</Managed>
    <Publisher>
      <UniqueName>koskiki</UniqueName>
      <LocalizedNames>
        <LocalizedName description="koskiki" languagecode="1033" />
      </LocalizedNames>
      <Descriptions />
      <EMailAddress xsi:nil="true"></EMailAddress>
      <SupportingWebsiteUrl xsi:nil="true"></SupportingWebsiteUrl>
      <CustomizationPrefix>kk</CustomizationPrefix>
      <CustomizationOptionValuePrefix>12400</CustomizationOptionValuePrefix>
      <Addresses>
        <Address>
          <AddressNumber>1</AddressNumber>
          <AddressTypeCode>1</AddressTypeCode>
          <City xsi:nil="true"></City>
          <County xsi:nil="true"></County>
          <Country xsi:nil="true"></Country>
          <Fax xsi:nil="true"></Fax>
          <FreightTermsCode xsi:nil="true"></FreightTermsCode>
          <ImportSequenceNumber xsi:nil="true"></ImportSequenceNumber>
          <Latitude xsi:nil="true"></Latitude>
          <Line1 xsi:nil="true"></Line1>
          <Line2 xsi:nil="true"></Line2>
          <Line3 xsi:nil="true"></Line3>
          <Longitude xsi:nil="true"></Longitude>
          <Name xsi:nil="true"></Name>
          <PostalCode xsi:nil="true"></PostalCode>
          <PostOfficeBox xsi:nil="true"></PostOfficeBox>
          <PrimaryContactName xsi:nil="true"></PrimaryContactName>
          <ShippingMethodCode>1</ShippingMethodCode>
          <StateOrProvince xsi:nil="true"></StateOrProvince>
          <Telephone1 xsi:nil="true"></Telephone1>
          <Telephone2 xsi:nil="true"></Telephone2>
          <Telephone3 xsi:nil="true"></Telephone3>
          <TimeZoneRuleVersionNumber xsi:nil="true"></TimeZoneRuleVersionNumber>
          <UPSZone xsi:nil="true"></UPSZone>
          <UTCOffset xsi:nil="true"></UTCOffset>
          <UTCConversionTimeZoneCode xsi:nil="true"></UTCConversionTimeZoneCode>
        </Address>
        <Address>
          <AddressNumber>2</AddressNumber>
          <AddressTypeCode>1</AddressTypeCode>
          <City xsi:nil="true"></City>
          <County xsi:nil="true"></County>
          <Country xsi:nil="true"></Country>
          <Fax xsi:nil="true"></Fax>
          <FreightTermsCode xsi:nil="true"></FreightTermsCode>
          <ImportSequenceNumber xsi:nil="true"></ImportSequenceNumber>
          <Latitude xsi:nil="true"></Latitude>
          <Line1 xsi:nil="true"></Line1>
          <Line2 xsi:nil="true"></Line2>
          <Line3 xsi:nil="true"></Line3>
          <Longitude xsi:nil="true"></Longitude>
          <Name xsi:nil="true"></Name>
          <PostalCode xsi:nil="true"></PostalCode>
          <PostOfficeBox xsi:nil="true"></PostOfficeBox>
          <PrimaryContactName xsi:nil="true"></PrimaryContactName>
          <ShippingMethodCode>1</ShippingMethodCode>
          <StateOrProvince xsi:nil="true"></StateOrProvince>
          <Telephone1 xsi:nil="true"></Telephone1>
          <Telephone2 xsi:nil="true"></Telephone2>
          <Telephone3 xsi:nil="true"></Telephone3>
          <TimeZoneRuleVersionNumber xsi:nil="true"></TimeZoneRuleVersionNumber>
          <UPSZone xsi:nil="true"></UPSZone>
          <UTCOffset xsi:nil="true"></UTCOffset>
          <UTCConversionTimeZoneCode xsi:nil="true"></UTCConversionTimeZoneCode>
        </Address>
      </Addresses>
    </Publisher>
    <RootComponents>
      <RootComponent type="1" schemaName="kk_playground" behavior="0" />
      <RootComponent type="9" schemaName="kk_position" behavior="0" />
      <RootComponent type="9" schemaName="kk_target" behavior="0" />
      <RootComponent type="61" schemaName="kk_commandbar.js" behavior="0" />
      <RootComponent type="61" schemaName="kk_playground.js" behavior="0" />
      <RootComponent type="62" schemaName="kk_CustomPagePlayground" behavior="0" />
      <RootComponent type="80" schemaName="kk_CustomPagePlayground" behavior="0" />
      <RootComponent type="300" schemaName="kk_playgroundpage_4a995" behavior="0" />
    </RootComponents>
    <MissingDependencies>
      <MissingDependency>
        <Required type="61" schemaName="cat_ic_fluent_flash_28_regular" displayName="cat_ic_fluent_flash_28_regular" solution="msdyn_DataverseAcceleratorApp (1.0.4.36)" />
        <Dependent type="62" schemaName="kk_CustomPagePlayground" />
      </MissingDependency>
      <MissingDependency>
        <Required type="61" schemaName="msdyn_/Images/AppModule_Default_Icon.png" displayName="msdyn_/Images/AppModule_Default_Icon.png" solution="AppModuleWebResources (2.5)" />
        <Dependent type="80" schemaName="kk_CustomPagePlayground" displayName="Custom Page Playground" />
      </MissingDependency>
      <MissingDependency>
        <Required type="61" schemaName="msdyn_CopilotIcon.svg" displayName="msdyn_CopilotIcon.svg" solution="msdyn_AppCopilotFeatures (9.1.2024084.240819047)" />
        <Dependent type="appaction" displayName="kk__msdyn_Mscrm.Form.Copilot.Summarize!kk_CustomPagePlayground!kk_playground!0" id.uniquename="kk__msdyn_Mscrm.Form.Copilot.Summarize!kk_CustomPagePlayground!kk_playground!0" />
      </MissingDependency>
      <MissingDependency>
        <Required type="61" schemaName="msdyn_CopilotSummarizeLibrary.js" displayName="msdyn_CopilotSummarizeLibrary.js" solution="msdyn_AppCopilotFeatures (9.1.2024084.240819047)" />
        <Dependent type="appaction" displayName="kk__msdyn_Mscrm.Form.Copilot.Summarize!kk_CustomPagePlayground!kk_playground!0" id.uniquename="kk__msdyn_Mscrm.Form.Copilot.Summarize!kk_CustomPagePlayground!kk_playground!0" />
      </MissingDependency>
      <MissingDependency>
        <Required type="66" schemaName="Microsoft.PowerApps.PowerAppsOneGrid" displayName="Microsoft.PowerApps.PowerAppsOneGrid" solution="BaseCustomControlsCore (9.0.2408.4011)" />
        <Dependent type="68" id="{f37039c6-2b0e-43ae-b870-294394e43946}" />
      </MissingDependency>
      <MissingDependency>
        <Required type="appactionrule" displayName="msdyn_Mscrm.AssignPrimaryPermission!0" solution="msdyn_SystemAppActions (9.1.0.55)" id.uniquename="msdyn_Mscrm.AssignPrimaryPermission!0" />
        <Dependent type="appaction_appactionrule_classicrules" displayName="appactionid.uniquename=kk__Mscrm.Form.%7B!EntityLogicalName%7D.Assign!kk_CustomPagePlayground!kk_playground!0,appactionruleid.uniquename=msdyn_Mscrm.AssignPrimaryPermission!0" id.appactionid.uniquename="kk__Mscrm.Form.{!EntityLogicalName}.Assign!kk_CustomPagePlayground!kk_playground!0" id.appactionruleid.uniquename="msdyn_Mscrm.AssignPrimaryPermission!0" />
      </MissingDependency>
      <MissingDependency>
        <Required type="appactionrule" displayName="msdyn_Mscrm.AssignPrimaryPermission!1" solution="msdyn_SystemAppActions (9.1.0.55)" id.uniquename="msdyn_Mscrm.AssignPrimaryPermission!1" />
        <Dependent type="appaction_appactionrule_classicrules" displayName="appactionid.uniquename=kk__Mscrm.Form.%7B!EntityLogicalName%7D.Assign!kk_CustomPagePlayground!kk_playground!0,appactionruleid.uniquename=msdyn_Mscrm.AssignPrimaryPermission!1" id.appactionid.uniquename="kk__Mscrm.Form.{!EntityLogicalName}.Assign!kk_CustomPagePlayground!kk_playground!0" id.appactionruleid.uniquename="msdyn_Mscrm.AssignPrimaryPermission!1" />
      </MissingDependency>
      <MissingDependency>
        <Required type="appactionrule" displayName="msdyn_Mscrm.AvailableOnForm!0" solution="msdyn_SystemAppActions (9.1.0.55)" id.uniquename="msdyn_Mscrm.AvailableOnForm!0" />
        <Dependent type="appaction_appactionrule_classicrules" displayName="appactionid.uniquename=kk__Mscrm.Form.%7B!EntityLogicalName%7D.NewRecordForBPFEntity!kk_CustomPagePlayground!kk_playground!0,appactionruleid.uniquename=msdyn_Mscrm.AvailableOnForm!0" id.appactionid.uniquename="kk__Mscrm.Form.{!EntityLogicalName}.NewRecordForBPFEntity!kk_CustomPagePlayground!kk_playground!0" id.appactionruleid.uniquename="msdyn_Mscrm.AvailableOnForm!0" />
      </MissingDependency>
      <MissingDependency>
        <Required type="appactionrule" displayName="msdyn_Mscrm.AvailableOnForm!0" solution="msdyn_SystemAppActions (9.1.0.55)" id.uniquename="msdyn_Mscrm.AvailableOnForm!0" />
        <Dependent type="appaction_appactionrule_classicrules" displayName="appactionid.uniquename=kk__Mscrm.Form.%7B!EntityLogicalName%7D.SaveAsComplete!kk_CustomPagePlayground!kk_playground!0,appactionruleid.uniquename=msdyn_Mscrm.AvailableOnForm!0" id.appactionid.uniquename="kk__Mscrm.Form.{!EntityLogicalName}.SaveAsComplete!kk_CustomPagePlayground!kk_playground!0" id.appactionruleid.uniquename="msdyn_Mscrm.AvailableOnForm!0" />
      </MissingDependency>
      <MissingDependency>
        <Required type="appactionrule" displayName="msdyn_Mscrm.CanDeletePrimary!0" solution="msdyn_SystemAppActions (9.1.0.55)" id.uniquename="msdyn_Mscrm.CanDeletePrimary!0" />
        <Dependent type="appaction_appactionrule_classicrules" displayName="appactionid.uniquename=kk__Mscrm.Form.%7B!EntityLogicalName%7D.Delete!kk_CustomPagePlayground!kk_playground!0,appactionruleid.uniquename=msdyn_Mscrm.CanDeletePrimary!0" id.appactionid.uniquename="kk__Mscrm.Form.{!EntityLogicalName}.Delete!kk_CustomPagePlayground!kk_playground!0" id.appactionruleid.uniquename="msdyn_Mscrm.CanDeletePrimary!0" />
      </MissingDependency>
      <MissingDependency>
        <Required type="appactionrule" displayName="msdyn_Mscrm.CanSavePrimary!0" solution="msdyn_SystemAppActions (9.1.0.55)" id.uniquename="msdyn_Mscrm.CanSavePrimary!0" />
        <Dependent type="appaction_appactionrule_classicrules" displayName="appactionid.uniquename=kk__Mscrm.Form.%7B!EntityLogicalName%7D.SaveAsComplete!kk_CustomPagePlayground!kk_playground!0,appactionruleid.uniquename=msdyn_Mscrm.CanSavePrimary!0" id.appactionid.uniquename="kk__Mscrm.Form.{!EntityLogicalName}.SaveAsComplete!kk_CustomPagePlayground!kk_playground!0" id.appactionruleid.uniquename="msdyn_Mscrm.CanSavePrimary!0" />
      </MissingDependency>
      <MissingDependency>
        <Required type="appactionrule" displayName="msdyn_Mscrm.CanSavePrimaryEntityType!1" solution="msdyn_SystemAppActions (9.1.0.55)" id.uniquename="msdyn_Mscrm.CanSavePrimaryEntityType!1" />
        <Dependent type="appaction_appactionrule_classicrules" displayName="appactionid.uniquename=kk__Mscrm.Form.%7B!EntityLogicalName%7D.SaveAsComplete!kk_CustomPagePlayground!kk_playground!0,appactionruleid.uniquename=msdyn_Mscrm.CanSavePrimaryEntityType!1" id.appactionid.uniquename="kk__Mscrm.Form.{!EntityLogicalName}.SaveAsComplete!kk_CustomPagePlayground!kk_playground!0" id.appactionruleid.uniquename="msdyn_Mscrm.CanSavePrimaryEntityType!1" />
      </MissingDependency>
      <MissingDependency>
        <Required type="appactionrule" displayName="msdyn_Mscrm.CanWritePrimary!0" solution="msdyn_SystemAppActions (9.1.0.55)" id.uniquename="msdyn_Mscrm.CanWritePrimary!0" />
        <Dependent type="appaction_appactionrule_classicrules" displayName="appactionid.uniquename=kk__Mscrm.Form.%7B!EntityLogicalName%7D.Activate!kk_CustomPagePlayground!kk_playground!0,appactionruleid.uniquename=msdyn_Mscrm.CanWritePrimary!0" id.appactionid.uniquename="kk__Mscrm.Form.{!EntityLogicalName}.Activate!kk_CustomPagePlayground!kk_playground!0" id.appactionruleid.uniquename="msdyn_Mscrm.CanWritePrimary!0" />
      </MissingDependency>
      <MissingDependency>
        <Required type="appactionrule" displayName="msdyn_Mscrm.CanWritePrimary!0" solution="msdyn_SystemAppActions (9.1.0.55)" id.uniquename="msdyn_Mscrm.CanWritePrimary!0" />
        <Dependent type="appaction_appactionrule_classicrules" displayName="appactionid.uniquename=kk__Mscrm.Form.%7B!EntityLogicalName%7D.Close!kk_CustomPagePlayground!kk_playground!0,appactionruleid.uniquename=msdyn_Mscrm.CanWritePrimary!0" id.appactionid.uniquename="kk__Mscrm.Form.{!EntityLogicalName}.Close!kk_CustomPagePlayground!kk_playground!0" id.appactionruleid.uniquename="msdyn_Mscrm.CanWritePrimary!0" />
      </MissingDependency>
      <MissingDependency>
        <Required type="appactionrule" displayName="msdyn_Mscrm.CanWritePrimary!0" solution="msdyn_SystemAppActions (9.1.0.55)" id.uniquename="msdyn_Mscrm.CanWritePrimary!0" />
        <Dependent type="appaction_appactionrule_classicrules" displayName="appactionid.uniquename=kk__Mscrm.Form.%7B!EntityLogicalName%7D.Deactivate!kk_CustomPagePlayground!kk_playground!0,appactionruleid.uniquename=msdyn_Mscrm.CanWritePrimary!0" id.appactionid.uniquename="kk__Mscrm.Form.{!EntityLogicalName}.Deactivate!kk_CustomPagePlayground!kk_playground!0" id.appactionruleid.uniquename="msdyn_Mscrm.CanWritePrimary!0" />
      </MissingDependency>
      <MissingDependency>
        <Required type="appactionrule" displayName="msdyn_Mscrm.CanWritePrimary!1" solution="msdyn_SystemAppActions (9.1.0.55)" id.uniquename="msdyn_Mscrm.CanWritePrimary!1" />
        <Dependent type="appaction_appactionrule_classicrules" displayName="appactionid.uniquename=kk__Mscrm.Form.%7B!EntityLogicalName%7D.Activate!kk_CustomPagePlayground!kk_playground!0,appactionruleid.uniquename=msdyn_Mscrm.CanWritePrimary!1" id.appactionid.uniquename="kk__Mscrm.Form.{!EntityLogicalName}.Activate!kk_CustomPagePlayground!kk_playground!0" id.appactionruleid.uniquename="msdyn_Mscrm.CanWritePrimary!1" />
      </MissingDependency>
      <MissingDependency>
        <Required type="appactionrule" displayName="msdyn_Mscrm.CanWritePrimary!1" solution="msdyn_SystemAppActions (9.1.0.55)" id.uniquename="msdyn_Mscrm.CanWritePrimary!1" />
        <Dependent type="appaction_appactionrule_classicrules" displayName="appactionid.uniquename=kk__Mscrm.Form.%7B!EntityLogicalName%7D.Close!kk_CustomPagePlayground!kk_playground!0,appactionruleid.uniquename=msdyn_Mscrm.CanWritePrimary!1" id.appactionid.uniquename="kk__Mscrm.Form.{!EntityLogicalName}.Close!kk_CustomPagePlayground!kk_playground!0" id.appactionruleid.uniquename="msdyn_Mscrm.CanWritePrimary!1" />
      </MissingDependency>
      <MissingDependency>
        <Required type="appactionrule" displayName="msdyn_Mscrm.CanWritePrimary!1" solution="msdyn_SystemAppActions (9.1.0.55)" id.uniquename="msdyn_Mscrm.CanWritePrimary!1" />
        <Dependent type="appaction_appactionrule_classicrules" displayName="appactionid.uniquename=kk__Mscrm.Form.%7B!EntityLogicalName%7D.Deactivate!kk_CustomPagePlayground!kk_playground!0,appactionruleid.uniquename=msdyn_Mscrm.CanWritePrimary!1" id.appactionid.uniquename="kk__Mscrm.Form.{!EntityLogicalName}.Deactivate!kk_CustomPagePlayground!kk_playground!0" id.appactionruleid.uniquename="msdyn_Mscrm.CanWritePrimary!1" />
      </MissingDependency>
      <MissingDependency>
        <Required type="appactionrule" displayName="msdyn_Mscrm.CopilotClientApi!1" solution="msdyn_AppCopilotFeatures (9.1.2024084.240819047)" id.uniquename="msdyn_Mscrm.CopilotClientApi!1" />
        <Dependent type="appaction_appactionrule_classicrules" displayName="appactionid.uniquename=kk__msdyn_Mscrm.Form.Copilot.Summarize!kk_CustomPagePlayground!kk_playground!0,appactionruleid.uniquename=msdyn_Mscrm.CopilotClientApi!1" id.appactionid.uniquename="kk__msdyn_Mscrm.Form.Copilot.Summarize!kk_CustomPagePlayground!kk_playground!0" id.appactionruleid.uniquename="msdyn_Mscrm.CopilotClientApi!1" />
      </MissingDependency>
      <MissingDependency>
        <Required type="appactionrule" displayName="msdyn_Mscrm.DeletePrimaryEntityPermission!1" solution="msdyn_SystemAppActions (9.1.0.55)" id.uniquename="msdyn_Mscrm.DeletePrimaryEntityPermission!1" />
        <Dependent type="appaction_appactionrule_classicrules" displayName="appactionid.uniquename=kk__Mscrm.Form.%7B!EntityLogicalName%7D.Delete!kk_CustomPagePlayground!kk_playground!0,appactionruleid.uniquename=msdyn_Mscrm.DeletePrimaryEntityPermission!1" id.appactionid.uniquename="kk__Mscrm.Form.{!EntityLogicalName}.Delete!kk_CustomPagePlayground!kk_playground!0" id.appactionruleid.uniquename="msdyn_Mscrm.DeletePrimaryEntityPermission!1" />
      </MissingDependency>
      <MissingDependency>
        <Required type="appactionrule" displayName="msdyn_Mscrm.EnableCopilotSummarizeCommandButton!1" solution="msdyn_AppCopilotFeatures (9.1.2024084.240819047)" id.uniquename="msdyn_Mscrm.EnableCopilotSummarizeCommandButton!1" />
        <Dependent type="appaction_appactionrule_classicrules" displayName="appactionid.uniquename=kk__msdyn_Mscrm.Form.Copilot.Summarize!kk_CustomPagePlayground!kk_playground!0,appactionruleid.uniquename=msdyn_Mscrm.EnableCopilotSummarizeCommandButton!1" id.appactionid.uniquename="kk__msdyn_Mscrm.Form.Copilot.Summarize!kk_CustomPagePlayground!kk_playground!0" id.appactionruleid.uniquename="msdyn_Mscrm.EnableCopilotSummarizeCommandButton!1" />
      </MissingDependency>
      <MissingDependency>
        <Required type="appactionrule" displayName="msdyn_Mscrm.EnableCopilotSummarizeFeatures!1" solution="msdyn_AppCopilotFeatures (9.1.2024084.240819047)" id.uniquename="msdyn_Mscrm.EnableCopilotSummarizeFeatures!1" />
        <Dependent type="appaction_appactionrule_classicrules" displayName="appactionid.uniquename=kk__msdyn_Mscrm.Form.Copilot.Summarize!kk_CustomPagePlayground!kk_playground!0,appactionruleid.uniquename=msdyn_Mscrm.EnableCopilotSummarizeFeatures!1" id.appactionid.uniquename="kk__msdyn_Mscrm.Form.Copilot.Summarize!kk_CustomPagePlayground!kk_playground!0" id.appactionruleid.uniquename="msdyn_Mscrm.EnableCopilotSummarizeFeatures!1" />
      </MissingDependency>
      <MissingDependency>
        <Required type="appactionrule" displayName="msdyn_Mscrm.FormStateNotNew!0" solution="msdyn_SystemAppActions (9.1.0.55)" id.uniquename="msdyn_Mscrm.FormStateNotNew!0" />
        <Dependent type="appaction_appactionrule_classicrules" displayName="appactionid.uniquename=kk__Mscrm.Form.%7B!EntityLogicalName%7D.Assign!kk_CustomPagePlayground!kk_playground!0,appactionruleid.uniquename=msdyn_Mscrm.FormStateNotNew!0" id.appactionid.uniquename="kk__Mscrm.Form.{!EntityLogicalName}.Assign!kk_CustomPagePlayground!kk_playground!0" id.appactionruleid.uniquename="msdyn_Mscrm.FormStateNotNew!0" />
      </MissingDependency>
      <MissingDependency>
        <Required type="appactionrule" displayName="msdyn_Mscrm.FormStateNotNew!0" solution="msdyn_SystemAppActions (9.1.0.55)" id.uniquename="msdyn_Mscrm.FormStateNotNew!0" />
        <Dependent type="appaction_appactionrule_classicrules" displayName="appactionid.uniquename=kk__Mscrm.Form.%7B!EntityLogicalName%7D.Delete!kk_CustomPagePlayground!kk_playground!0,appactionruleid.uniquename=msdyn_Mscrm.FormStateNotNew!0" id.appactionid.uniquename="kk__Mscrm.Form.{!EntityLogicalName}.Delete!kk_CustomPagePlayground!kk_playground!0" id.appactionruleid.uniquename="msdyn_Mscrm.FormStateNotNew!0" />
      </MissingDependency>
      <MissingDependency>
        <Required type="appactionrule" displayName="msdyn_Mscrm.FormStateNotNew!0" solution="msdyn_SystemAppActions (9.1.0.55)" id.uniquename="msdyn_Mscrm.FormStateNotNew!0" />
        <Dependent type="appaction_appactionrule_classicrules" displayName="appactionid.uniquename=kk__Mscrm.Form.%7B!EntityLogicalName%7D.OpenActiveStage!kk_CustomPagePlayground!kk_playground!0,appactionruleid.uniquename=msdyn_Mscrm.FormStateNotNew!0" id.appactionid.uniquename="kk__Mscrm.Form.{!EntityLogicalName}.OpenActiveStage!kk_CustomPagePlayground!kk_playground!0" id.appactionruleid.uniquename="msdyn_Mscrm.FormStateNotNew!0" />
      </MissingDependency>
      <MissingDependency>
        <Required type="appactionrule" displayName="msdyn_Mscrm.FormStateNotNew!0" solution="msdyn_SystemAppActions (9.1.0.55)" id.uniquename="msdyn_Mscrm.FormStateNotNew!0" />
        <Dependent type="appaction_appactionrule_classicrules" displayName="appactionid.uniquename=kk__msdyn_Mscrm.Form.Copilot.Summarize!kk_CustomPagePlayground!kk_playground!0,appactionruleid.uniquename=msdyn_Mscrm.FormStateNotNew!0" id.appactionid.uniquename="kk__msdyn_Mscrm.Form.Copilot.Summarize!kk_CustomPagePlayground!kk_playground!0" id.appactionruleid.uniquename="msdyn_Mscrm.FormStateNotNew!0" />
      </MissingDependency>
      <MissingDependency>
        <Required type="appactionrule" displayName="msdyn_Mscrm.HideOnMobile!0" solution="msdyn_AppCopilotFeatures (9.1.2024084.240819047)" id.uniquename="msdyn_Mscrm.HideOnMobile!0" />
        <Dependent type="appaction_appactionrule_classicrules" displayName="appactionid.uniquename=kk__msdyn_Mscrm.Form.Copilot.Summarize!kk_CustomPagePlayground!kk_playground!0,appactionruleid.uniquename=msdyn_Mscrm.HideOnMobile!0" id.appactionid.uniquename="kk__msdyn_Mscrm.Form.Copilot.Summarize!kk_CustomPagePlayground!kk_playground!0" id.appactionruleid.uniquename="msdyn_Mscrm.HideOnMobile!0" />
      </MissingDependency>
      <MissingDependency>
        <Required type="appactionrule" displayName="msdyn_Mscrm.InitializeCopilotSidePaneOnBoot!1" solution="msdyn_AppCopilotFeatures (9.1.2024084.240819047)" id.uniquename="msdyn_Mscrm.InitializeCopilotSidePaneOnBoot!1" />
        <Dependent type="appaction_appactionrule_classicrules" displayName="appactionid.uniquename=kk__msdyn_Mscrm.Form.Copilot.Summarize!kk_CustomPagePlayground!kk_playground!0,appactionruleid.uniquename=msdyn_Mscrm.InitializeCopilotSidePaneOnBoot!1" id.appactionid.uniquename="kk__msdyn_Mscrm.Form.Copilot.Summarize!kk_CustomPagePlayground!kk_playground!0" id.appactionruleid.uniquename="msdyn_Mscrm.InitializeCopilotSidePaneOnBoot!1" />
      </MissingDependency>
      <MissingDependency>
        <Required type="appactionrule" displayName="msdyn_Mscrm.IsAppCopilotEnabled!0" solution="msdyn_AppCopilotFeatures (9.1.2024084.240819047)" id.uniquename="msdyn_Mscrm.IsAppCopilotEnabled!0" />
        <Dependent type="appaction_appactionrule_classicrules" displayName="appactionid.uniquename=kk__msdyn_Mscrm.Form.Copilot.Summarize!kk_CustomPagePlayground!kk_playground!0,appactionruleid.uniquename=msdyn_Mscrm.IsAppCopilotEnabled!0" id.appactionid.uniquename="kk__msdyn_Mscrm.Form.Copilot.Summarize!kk_CustomPagePlayground!kk_playground!0" id.appactionruleid.uniquename="msdyn_Mscrm.IsAppCopilotEnabled!0" />
      </MissingDependency>
      <MissingDependency>
        <Required type="appactionrule" displayName="msdyn_Mscrm.IsBPFEntityCustomizationFeatureEnabled!1" solution="msdyn_SystemAppActions (9.1.0.55)" id.uniquename="msdyn_Mscrm.IsBPFEntityCustomizationFeatureEnabled!1" />
        <Dependent type="appaction_appactionrule_classicrules" displayName="appactionid.uniquename=kk__Mscrm.Form.%7B!EntityLogicalName%7D.NewRecordForBPFEntity!kk_CustomPagePlayground!kk_playground!0,appactionruleid.uniquename=msdyn_Mscrm.IsBPFEntityCustomizationFeatureEnabled!1" id.appactionid.uniquename="kk__Mscrm.Form.{!EntityLogicalName}.NewRecordForBPFEntity!kk_CustomPagePlayground!kk_playground!0" id.appactionruleid.uniquename="msdyn_Mscrm.IsBPFEntityCustomizationFeatureEnabled!1" />
      </MissingDependency>
      <MissingDependency>
        <Required type="appactionrule" displayName="msdyn_Mscrm.IsBPFEntityCustomizationFeatureEnabled!1" solution="msdyn_SystemAppActions (9.1.0.55)" id.uniquename="msdyn_Mscrm.IsBPFEntityCustomizationFeatureEnabled!1" />
        <Dependent type="appaction_appactionrule_classicrules" displayName="appactionid.uniquename=kk__Mscrm.Form.%7B!EntityLogicalName%7D.OpenActiveStage!kk_CustomPagePlayground!kk_playground!0,appactionruleid.uniquename=msdyn_Mscrm.IsBPFEntityCustomizationFeatureEnabled!1" id.appactionid.uniquename="kk__Mscrm.Form.{!EntityLogicalName}.OpenActiveStage!kk_CustomPagePlayground!kk_playground!0" id.appactionruleid.uniquename="msdyn_Mscrm.IsBPFEntityCustomizationFeatureEnabled!1" />
      </MissingDependency>
      <MissingDependency>
        <Required type="appactionrule" displayName="msdyn_Mscrm.IsEntityAvailableForUserInMocaOffline!0" solution="msdyn_SystemAppActions (9.1.0.55)" id.uniquename="msdyn_Mscrm.IsEntityAvailableForUserInMocaOffline!0" />
        <Dependent type="appaction_appactionrule_classicrules" displayName="appactionid.uniquename=kk__Mscrm.Form.%7B!EntityLogicalName%7D.Delete!kk_CustomPagePlayground!kk_playground!0,appactionruleid.uniquename=msdyn_Mscrm.IsEntityAvailableForUserInMocaOffline!0" id.appactionid.uniquename="kk__Mscrm.Form.{!EntityLogicalName}.Delete!kk_CustomPagePlayground!kk_playground!0" id.appactionruleid.uniquename="msdyn_Mscrm.IsEntityAvailableForUserInMocaOffline!0" />
      </MissingDependency>
      <MissingDependency>
        <Required type="appactionrule" displayName="msdyn_Mscrm.IsEntityAvailableForUserInMocaOffline!0" solution="msdyn_SystemAppActions (9.1.0.55)" id.uniquename="msdyn_Mscrm.IsEntityAvailableForUserInMocaOffline!0" />
        <Dependent type="appaction_appactionrule_classicrules" displayName="appactionid.uniquename=kk__Mscrm.Form.%7B!EntityLogicalName%7D.NewRecordForBPFEntity!kk_CustomPagePlayground!kk_playground!0,appactionruleid.uniquename=msdyn_Mscrm.IsEntityAvailableForUserInMocaOffline!0" id.appactionid.uniquename="kk__Mscrm.Form.{!EntityLogicalName}.NewRecordForBPFEntity!kk_CustomPagePlayground!kk_playground!0" id.appactionruleid.uniquename="msdyn_Mscrm.IsEntityAvailableForUserInMocaOffline!0" />
      </MissingDependency>
      <MissingDependency>
        <Required type="appactionrule" displayName="msdyn_Mscrm.IsEntityAvailableForUserInMocaOffline!0" solution="msdyn_SystemAppActions (9.1.0.55)" id.uniquename="msdyn_Mscrm.IsEntityAvailableForUserInMocaOffline!0" />
        <Dependent type="appaction_appactionrule_classicrules" displayName="appactionid.uniquename=kk__Mscrm.Form.%7B!EntityLogicalName%7D.SaveAsComplete!kk_CustomPagePlayground!kk_playground!0,appactionruleid.uniquename=msdyn_Mscrm.IsEntityAvailableForUserInMocaOffline!0" id.appactionid.uniquename="kk__Mscrm.Form.{!EntityLogicalName}.SaveAsComplete!kk_CustomPagePlayground!kk_playground!0" id.appactionruleid.uniquename="msdyn_Mscrm.IsEntityAvailableForUserInMocaOffline!0" />
      </MissingDependency>
      <MissingDependency>
        <Required type="appactionrule" displayName="msdyn_Mscrm.IsPUV2EntityCustomizationEnabled!1" solution="msdyn_SystemAppActions (9.1.0.55)" id.uniquename="msdyn_Mscrm.IsPUV2EntityCustomizationEnabled!1" />
        <Dependent type="appaction_appactionrule_classicrules" displayName="appactionid.uniquename=kk__Mscrm.Form.%7B!EntityLogicalName%7D.NewRecordForBPFEntity!kk_CustomPagePlayground!kk_playground!0,appactionruleid.uniquename=msdyn_Mscrm.IsPUV2EntityCustomizationEnabled!1" id.appactionid.uniquename="kk__Mscrm.Form.{!EntityLogicalName}.NewRecordForBPFEntity!kk_CustomPagePlayground!kk_playground!0" id.appactionruleid.uniquename="msdyn_Mscrm.IsPUV2EntityCustomizationEnabled!1" />
      </MissingDependency>
      <MissingDependency>
        <Required type="appactionrule" displayName="msdyn_Mscrm.IsPUV2EntityCustomizationEnabled!1" solution="msdyn_SystemAppActions (9.1.0.55)" id.uniquename="msdyn_Mscrm.IsPUV2EntityCustomizationEnabled!1" />
        <Dependent type="appaction_appactionrule_classicrules" displayName="appactionid.uniquename=kk__Mscrm.Form.%7B!EntityLogicalName%7D.OpenActiveStage!kk_CustomPagePlayground!kk_playground!0,appactionruleid.uniquename=msdyn_Mscrm.IsPUV2EntityCustomizationEnabled!1" id.appactionid.uniquename="kk__Mscrm.Form.{!EntityLogicalName}.OpenActiveStage!kk_CustomPagePlayground!kk_playground!0" id.appactionruleid.uniquename="msdyn_Mscrm.IsPUV2EntityCustomizationEnabled!1" />
      </MissingDependency>
      <MissingDependency>
        <Required type="appactionrule" displayName="msdyn_Mscrm.NotClosedActivity!1" solution="msdyn_SystemAppActions (9.1.0.55)" id.uniquename="msdyn_Mscrm.NotClosedActivity!1" />
        <Dependent type="appaction_appactionrule_classicrules" displayName="appactionid.uniquename=kk__Mscrm.Form.%7B!EntityLogicalName%7D.Assign!kk_CustomPagePlayground!kk_playground!0,appactionruleid.uniquename=msdyn_Mscrm.NotClosedActivity!1" id.appactionid.uniquename="kk__Mscrm.Form.{!EntityLogicalName}.Assign!kk_CustomPagePlayground!kk_playground!0" id.appactionruleid.uniquename="msdyn_Mscrm.NotClosedActivity!1" />
      </MissingDependency>
      <MissingDependency>
        <Required type="appactionrule" displayName="msdyn_Mscrm.NotOffline!0" solution="msdyn_SystemAppActions (9.1.0.55)" id.uniquename="msdyn_Mscrm.NotOffline!0" />
        <Dependent type="appaction_appactionrule_classicrules" displayName="appactionid.uniquename=kk__Mscrm.Form.%7B!EntityLogicalName%7D.Assign!kk_CustomPagePlayground!kk_playground!0,appactionruleid.uniquename=msdyn_Mscrm.NotOffline!0" id.appactionid.uniquename="kk__Mscrm.Form.{!EntityLogicalName}.Assign!kk_CustomPagePlayground!kk_playground!0" id.appactionruleid.uniquename="msdyn_Mscrm.NotOffline!0" />
      </MissingDependency>
      <MissingDependency>
        <Required type="appactionrule" displayName="msdyn_Mscrm.OutlookRenderTypeWeb!1" solution="msdyn_SystemAppActions (9.1.0.55)" id.uniquename="msdyn_Mscrm.OutlookRenderTypeWeb!1" />
        <Dependent type="appaction_appactionrule_classicrules" displayName="appactionid.uniquename=kk__Mscrm.Form.%7B!EntityLogicalName%7D.Activate!kk_CustomPagePlayground!kk_playground!0,appactionruleid.uniquename=msdyn_Mscrm.OutlookRenderTypeWeb!1" id.appactionid.uniquename="kk__Mscrm.Form.{!EntityLogicalName}.Activate!kk_CustomPagePlayground!kk_playground!0" id.appactionruleid.uniquename="msdyn_Mscrm.OutlookRenderTypeWeb!1" />
      </MissingDependency>
      <MissingDependency>
        <Required type="appactionrule" displayName="msdyn_Mscrm.OutlookRenderTypeWeb!1" solution="msdyn_SystemAppActions (9.1.0.55)" id.uniquename="msdyn_Mscrm.OutlookRenderTypeWeb!1" />
        <Dependent type="appaction_appactionrule_classicrules" displayName="appactionid.uniquename=kk__Mscrm.Form.%7B!EntityLogicalName%7D.Assign!kk_CustomPagePlayground!kk_playground!0,appactionruleid.uniquename=msdyn_Mscrm.OutlookRenderTypeWeb!1" id.appactionid.uniquename="kk__Mscrm.Form.{!EntityLogicalName}.Assign!kk_CustomPagePlayground!kk_playground!0" id.appactionruleid.uniquename="msdyn_Mscrm.OutlookRenderTypeWeb!1" />
      </MissingDependency>
      <MissingDependency>
        <Required type="appactionrule" displayName="msdyn_Mscrm.OutlookRenderTypeWeb!1" solution="msdyn_SystemAppActions (9.1.0.55)" id.uniquename="msdyn_Mscrm.OutlookRenderTypeWeb!1" />
        <Dependent type="appaction_appactionrule_classicrules" displayName="appactionid.uniquename=kk__Mscrm.Form.%7B!EntityLogicalName%7D.Close!kk_CustomPagePlayground!kk_playground!0,appactionruleid.uniquename=msdyn_Mscrm.OutlookRenderTypeWeb!1" id.appactionid.uniquename="kk__Mscrm.Form.{!EntityLogicalName}.Close!kk_CustomPagePlayground!kk_playground!0" id.appactionruleid.uniquename="msdyn_Mscrm.OutlookRenderTypeWeb!1" />
      </MissingDependency>
      <MissingDependency>
        <Required type="appactionrule" displayName="msdyn_Mscrm.OutlookRenderTypeWeb!1" solution="msdyn_SystemAppActions (9.1.0.55)" id.uniquename="msdyn_Mscrm.OutlookRenderTypeWeb!1" />
        <Dependent type="appaction_appactionrule_classicrules" displayName="appactionid.uniquename=kk__Mscrm.Form.%7B!EntityLogicalName%7D.Deactivate!kk_CustomPagePlayground!kk_playground!0,appactionruleid.uniquename=msdyn_Mscrm.OutlookRenderTypeWeb!1" id.appactionid.uniquename="kk__Mscrm.Form.{!EntityLogicalName}.Deactivate!kk_CustomPagePlayground!kk_playground!0" id.appactionruleid.uniquename="msdyn_Mscrm.OutlookRenderTypeWeb!1" />
      </MissingDependency>
      <MissingDependency>
        <Required type="appactionrule" displayName="msdyn_Mscrm.OutlookRenderTypeWeb!1" solution="msdyn_SystemAppActions (9.1.0.55)" id.uniquename="msdyn_Mscrm.OutlookRenderTypeWeb!1" />
        <Dependent type="appaction_appactionrule_classicrules" displayName="appactionid.uniquename=kk__Mscrm.Form.%7B!EntityLogicalName%7D.Delete!kk_CustomPagePlayground!kk_playground!0,appactionruleid.uniquename=msdyn_Mscrm.OutlookRenderTypeWeb!1" id.appactionid.uniquename="kk__Mscrm.Form.{!EntityLogicalName}.Delete!kk_CustomPagePlayground!kk_playground!0" id.appactionruleid.uniquename="msdyn_Mscrm.OutlookRenderTypeWeb!1" />
      </MissingDependency>
      <MissingDependency>
        <Required type="appactionrule" displayName="msdyn_Mscrm.OutlookRenderTypeWeb!1" solution="msdyn_SystemAppActions (9.1.0.55)" id.uniquename="msdyn_Mscrm.OutlookRenderTypeWeb!1" />
        <Dependent type="appaction_appactionrule_classicrules" displayName="appactionid.uniquename=kk__Mscrm.Form.%7B!EntityLogicalName%7D.NewRecordForBPFEntity!kk_CustomPagePlayground!kk_playground!0,appactionruleid.uniquename=msdyn_Mscrm.OutlookRenderTypeWeb!1" id.appactionid.uniquename="kk__Mscrm.Form.{!EntityLogicalName}.NewRecordForBPFEntity!kk_CustomPagePlayground!kk_playground!0" id.appactionruleid.uniquename="msdyn_Mscrm.OutlookRenderTypeWeb!1" />
      </MissingDependency>
      <MissingDependency>
        <Required type="appactionrule" displayName="msdyn_Mscrm.OutlookRenderTypeWeb!1" solution="msdyn_SystemAppActions (9.1.0.55)" id.uniquename="msdyn_Mscrm.OutlookRenderTypeWeb!1" />
        <Dependent type="appaction_appactionrule_classicrules" displayName="appactionid.uniquename=kk__Mscrm.Form.%7B!EntityLogicalName%7D.OpenActiveStage!kk_CustomPagePlayground!kk_playground!0,appactionruleid.uniquename=msdyn_Mscrm.OutlookRenderTypeWeb!1" id.appactionid.uniquename="kk__Mscrm.Form.{!EntityLogicalName}.OpenActiveStage!kk_CustomPagePlayground!kk_playground!0" id.appactionruleid.uniquename="msdyn_Mscrm.OutlookRenderTypeWeb!1" />
      </MissingDependency>
      <MissingDependency>
        <Required type="appactionrule" displayName="msdyn_Mscrm.OutlookRenderTypeWeb!1" solution="msdyn_SystemAppActions (9.1.0.55)" id.uniquename="msdyn_Mscrm.OutlookRenderTypeWeb!1" />
        <Dependent type="appaction_appactionrule_classicrules" displayName="appactionid.uniquename=kk__Mscrm.Form.%7B!EntityLogicalName%7D.SaveAsComplete!kk_CustomPagePlayground!kk_playground!0,appactionruleid.uniquename=msdyn_Mscrm.OutlookRenderTypeWeb!1" id.appactionid.uniquename="kk__Mscrm.Form.{!EntityLogicalName}.SaveAsComplete!kk_CustomPagePlayground!kk_playground!0" id.appactionruleid.uniquename="msdyn_Mscrm.OutlookRenderTypeWeb!1" />
      </MissingDependency>
      <MissingDependency>
        <Required type="appactionrule" displayName="msdyn_Mscrm.PrimaryEntityHasStatecode!1" solution="msdyn_SystemAppActions (9.1.0.55)" id.uniquename="msdyn_Mscrm.PrimaryEntityHasStatecode!1" />
        <Dependent type="appaction_appactionrule_classicrules" displayName="appactionid.uniquename=kk__Mscrm.Form.%7B!EntityLogicalName%7D.Activate!kk_CustomPagePlayground!kk_playground!0,appactionruleid.uniquename=msdyn_Mscrm.PrimaryEntityHasStatecode!1" id.appactionid.uniquename="kk__Mscrm.Form.{!EntityLogicalName}.Activate!kk_CustomPagePlayground!kk_playground!0" id.appactionruleid.uniquename="msdyn_Mscrm.PrimaryEntityHasStatecode!1" />
      </MissingDependency>
      <MissingDependency>
        <Required type="appactionrule" displayName="msdyn_Mscrm.PrimaryEntityHasStatecode!1" solution="msdyn_SystemAppActions (9.1.0.55)" id.uniquename="msdyn_Mscrm.PrimaryEntityHasStatecode!1" />
        <Dependent type="appaction_appactionrule_classicrules" displayName="appactionid.uniquename=kk__Mscrm.Form.%7B!EntityLogicalName%7D.Close!kk_CustomPagePlayground!kk_playground!0,appactionruleid.uniquename=msdyn_Mscrm.PrimaryEntityHasStatecode!1" id.appactionid.uniquename="kk__Mscrm.Form.{!EntityLogicalName}.Close!kk_CustomPagePlayground!kk_playground!0" id.appactionruleid.uniquename="msdyn_Mscrm.PrimaryEntityHasStatecode!1" />
      </MissingDependency>
      <MissingDependency>
        <Required type="appactionrule" displayName="msdyn_Mscrm.PrimaryEntityHasStatecode!1" solution="msdyn_SystemAppActions (9.1.0.55)" id.uniquename="msdyn_Mscrm.PrimaryEntityHasStatecode!1" />
        <Dependent type="appaction_appactionrule_classicrules" displayName="appactionid.uniquename=kk__Mscrm.Form.%7B!EntityLogicalName%7D.Deactivate!kk_CustomPagePlayground!kk_playground!0,appactionruleid.uniquename=msdyn_Mscrm.PrimaryEntityHasStatecode!1" id.appactionid.uniquename="kk__Mscrm.Form.{!EntityLogicalName}.Deactivate!kk_CustomPagePlayground!kk_playground!0" id.appactionruleid.uniquename="msdyn_Mscrm.PrimaryEntityHasStatecode!1" />
      </MissingDependency>
      <MissingDependency>
        <Required type="appactionrule" displayName="msdyn_Mscrm.PrimaryEntityIsBPFEntity!1" solution="msdyn_SystemAppActions (9.1.0.55)" id.uniquename="msdyn_Mscrm.PrimaryEntityIsBPFEntity!1" />
        <Dependent type="appaction_appactionrule_classicrules" displayName="appactionid.uniquename=kk__Mscrm.Form.%7B!EntityLogicalName%7D.NewRecordForBPFEntity!kk_CustomPagePlayground!kk_playground!0,appactionruleid.uniquename=msdyn_Mscrm.PrimaryEntityIsBPFEntity!1" id.appactionid.uniquename="kk__Mscrm.Form.{!EntityLogicalName}.NewRecordForBPFEntity!kk_CustomPagePlayground!kk_playground!0" id.appactionruleid.uniquename="msdyn_Mscrm.PrimaryEntityIsBPFEntity!1" />
      </MissingDependency>
      <MissingDependency>
        <Required type="appactionrule" displayName="msdyn_Mscrm.PrimaryEntityIsBPFEntity!1" solution="msdyn_SystemAppActions (9.1.0.55)" id.uniquename="msdyn_Mscrm.PrimaryEntityIsBPFEntity!1" />
        <Dependent type="appaction_appactionrule_classicrules" displayName="appactionid.uniquename=kk__Mscrm.Form.%7B!EntityLogicalName%7D.OpenActiveStage!kk_CustomPagePlayground!kk_playground!0,appactionruleid.uniquename=msdyn_Mscrm.PrimaryEntityIsBPFEntity!1" id.appactionid.uniquename="kk__Mscrm.Form.{!EntityLogicalName}.OpenActiveStage!kk_CustomPagePlayground!kk_playground!0" id.appactionruleid.uniquename="msdyn_Mscrm.PrimaryEntityIsBPFEntity!1" />
      </MissingDependency>
      <MissingDependency>
        <Required type="appactionrule" displayName="msdyn_Mscrm.PrimaryIsActive!1" solution="msdyn_SystemAppActions (9.1.0.55)" id.uniquename="msdyn_Mscrm.PrimaryIsActive!1" />
        <Dependent type="appaction_appactionrule_classicrules" displayName="appactionid.uniquename=kk__Mscrm.Form.%7B!EntityLogicalName%7D.Close!kk_CustomPagePlayground!kk_playground!0,appactionruleid.uniquename=msdyn_Mscrm.PrimaryIsActive!1" id.appactionid.uniquename="kk__Mscrm.Form.{!EntityLogicalName}.Close!kk_CustomPagePlayground!kk_playground!0" id.appactionruleid.uniquename="msdyn_Mscrm.PrimaryIsActive!1" />
      </MissingDependency>
      <MissingDependency>
        <Required type="appactionrule" displayName="msdyn_Mscrm.PrimaryIsActive!1" solution="msdyn_SystemAppActions (9.1.0.55)" id.uniquename="msdyn_Mscrm.PrimaryIsActive!1" />
        <Dependent type="appaction_appactionrule_classicrules" displayName="appactionid.uniquename=kk__Mscrm.Form.%7B!EntityLogicalName%7D.Deactivate!kk_CustomPagePlayground!kk_playground!0,appactionruleid.uniquename=msdyn_Mscrm.PrimaryIsActive!1" id.appactionid.uniquename="kk__Mscrm.Form.{!EntityLogicalName}.Deactivate!kk_CustomPagePlayground!kk_playground!0" id.appactionruleid.uniquename="msdyn_Mscrm.PrimaryIsActive!1" />
      </MissingDependency>
      <MissingDependency>
        <Required type="appactionrule" displayName="msdyn_Mscrm.PrimaryIsActivity!1" solution="msdyn_SystemAppActions (9.1.0.55)" id.uniquename="msdyn_Mscrm.PrimaryIsActivity!1" />
        <Dependent type="appaction_appactionrule_classicrules" displayName="appactionid.uniquename=kk__Mscrm.Form.%7B!EntityLogicalName%7D.Close!kk_CustomPagePlayground!kk_playground!0,appactionruleid.uniquename=msdyn_Mscrm.PrimaryIsActivity!1" id.appactionid.uniquename="kk__Mscrm.Form.{!EntityLogicalName}.Close!kk_CustomPagePlayground!kk_playground!0" id.appactionruleid.uniquename="msdyn_Mscrm.PrimaryIsActivity!1" />
      </MissingDependency>
      <MissingDependency>
        <Required type="appactionrule" displayName="msdyn_Mscrm.PrimaryIsActivity!1" solution="msdyn_SystemAppActions (9.1.0.55)" id.uniquename="msdyn_Mscrm.PrimaryIsActivity!1" />
        <Dependent type="appaction_appactionrule_classicrules" displayName="appactionid.uniquename=kk__Mscrm.Form.%7B!EntityLogicalName%7D.SaveAsComplete!kk_CustomPagePlayground!kk_playground!0,appactionruleid.uniquename=msdyn_Mscrm.PrimaryIsActivity!1" id.appactionid.uniquename="kk__Mscrm.Form.{!EntityLogicalName}.SaveAsComplete!kk_CustomPagePlayground!kk_playground!0" id.appactionruleid.uniquename="msdyn_Mscrm.PrimaryIsActivity!1" />
      </MissingDependency>
      <MissingDependency>
        <Required type="appactionrule" displayName="msdyn_Mscrm.PrimaryIsInactive!1" solution="msdyn_SystemAppActions (9.1.0.55)" id.uniquename="msdyn_Mscrm.PrimaryIsInactive!1" />
        <Dependent type="appaction_appactionrule_classicrules" displayName="appactionid.uniquename=kk__Mscrm.Form.%7B!EntityLogicalName%7D.Activate!kk_CustomPagePlayground!kk_playground!0,appactionruleid.uniquename=msdyn_Mscrm.PrimaryIsInactive!1" id.appactionid.uniquename="kk__Mscrm.Form.{!EntityLogicalName}.Activate!kk_CustomPagePlayground!kk_playground!0" id.appactionruleid.uniquename="msdyn_Mscrm.PrimaryIsInactive!1" />
      </MissingDependency>
      <MissingDependency>
        <Required type="appactionrule" displayName="msdyn_Mscrm.PrimaryIsNotActivity!1" solution="msdyn_SystemAppActions (9.1.0.55)" id.uniquename="msdyn_Mscrm.PrimaryIsNotActivity!1" />
        <Dependent type="appaction_appactionrule_classicrules" displayName="appactionid.uniquename=kk__Mscrm.Form.%7B!EntityLogicalName%7D.Activate!kk_CustomPagePlayground!kk_playground!0,appactionruleid.uniquename=msdyn_Mscrm.PrimaryIsNotActivity!1" id.appactionid.uniquename="kk__Mscrm.Form.{!EntityLogicalName}.Activate!kk_CustomPagePlayground!kk_playground!0" id.appactionruleid.uniquename="msdyn_Mscrm.PrimaryIsNotActivity!1" />
      </MissingDependency>
      <MissingDependency>
        <Required type="appactionrule" displayName="msdyn_Mscrm.PrimaryIsNotActivity!1" solution="msdyn_SystemAppActions (9.1.0.55)" id.uniquename="msdyn_Mscrm.PrimaryIsNotActivity!1" />
        <Dependent type="appaction_appactionrule_classicrules" displayName="appactionid.uniquename=kk__Mscrm.Form.%7B!EntityLogicalName%7D.Deactivate!kk_CustomPagePlayground!kk_playground!0,appactionruleid.uniquename=msdyn_Mscrm.PrimaryIsNotActivity!1" id.appactionid.uniquename="kk__Mscrm.Form.{!EntityLogicalName}.Deactivate!kk_CustomPagePlayground!kk_playground!0" id.appactionruleid.uniquename="msdyn_Mscrm.PrimaryIsNotActivity!1" />
      </MissingDependency>
      <MissingDependency>
        <Required type="appactionrule" displayName="msdyn_Mscrm.ReadPrimaryPermission!0" solution="msdyn_SystemAppActions (9.1.0.55)" id.uniquename="msdyn_Mscrm.ReadPrimaryPermission!0" />
        <Dependent type="appaction_appactionrule_classicrules" displayName="appactionid.uniquename=kk__Mscrm.Form.%7B!EntityLogicalName%7D.SaveAsComplete!kk_CustomPagePlayground!kk_playground!0,appactionruleid.uniquename=msdyn_Mscrm.ReadPrimaryPermission!0" id.appactionid.uniquename="kk__Mscrm.Form.{!EntityLogicalName}.SaveAsComplete!kk_CustomPagePlayground!kk_playground!0" id.appactionruleid.uniquename="msdyn_Mscrm.ReadPrimaryPermission!0" />
      </MissingDependency>
      <MissingDependency>
        <Required type="SettingDefinition" displayName="AppChannel" solution="msdyn_AppFrameworkInfraExtensions (1.0.0.12)" id.uniquename="AppChannel" />
        <Dependent type="AppSetting" displayName="parentappmoduleid.uniquename=kk_CustomPagePlayground,settingdefinitionid.uniquename=AppChannel" id.parentappmoduleid.uniquename="kk_CustomPagePlayground" id.settingdefinitionid.uniquename="AppChannel" />
      </MissingDependency>
    </MissingDependencies>
  </SolutionManifest>
</ImportExportXml>